Experiment,Control,2 μM diABZI,No micronuclei,cGAS- micronuclei,cGAS+ micronuclei
EXP1,5.19480519,87.5,3.553299492,3.703703704,4.28571429
EXP2,3.977272727,93.08943089,4.71698113,4.838709677,5
EXP3,4.12371134,96.0784314,5.479452055,4.347826087,4.166666667
