Experiment,Control,Reversine
1,0,37.0242215
2,0.85714286,44.8717949
3,2.50896057,53.8461538
